nom,categories,descripció,contrasenya
ENTRADES,"",Voluntariat d'entrades,""
BARRES RESTRINGIT,"",Voluntariat restringit de barres,password0
BARRES COL·LECTIU,"",Voluntariat del Refugi Kakuaa en barres de 1r torn,password1
BARRES,"",Voluntariat de barres,""
MUNTATGE,"",Voluntariat de muntatge,""
SUBCAPS DE BARRES,"",Supcaps de barres,password2
MARXANDATGE,"",Voluntariat de marxandatge,password3
PHOTOCALL,"",Voluntariat del photocall,password4
SUPORT COL·LECTIUS,"Centre Obert|Joves Atra|Corresponsals|Fundació Abad|CRAE Vilobí",Tasques de suport de col·lectius,password5
CUINA,"",Voluntariat de cuina,password6
GLOBUS,"",Voluntariat de Globus,password7
TRESORERIA,"",Voluntariat de tresoreria,password8
COMUNICACIÓ,"",Voluntariat de comunicació,password9
COL·LABORACIÓ,"",Persona col·laboradora,password10
ORGANITZACIÓ,"",Persona d'organització,password11
PROFESSIONAL,"So|Seguretat|Punt Lila|Food Trucks|Taquilles","Professionals de so, seguretat, punt lila, food trucks i taquilles",password12